{

 "data" : [{
    "consolidated": [
        {"range":"Poor", "comment":"The overall experience score of your product is Poor. The product is a challenge to use. It prevents the users from accomplishing their goals and requires greater cognitive effort and time. Consequently, users could choose a better product to help them get things done better."},
        {"range":"Fair", "comment":"The overall experience score of your product (xyz) is Fair. The product is performing satisfactorily in terms of the experience it delivers with a huge room for improvements. Design interventions are required to transform the product into a simplified cognitive interface."},
        {"range":"Good", "comment":"The overall experience score of your product (xyz) is Good. The product is easy to use and doesn’t add complexity in user’s decision making. However, the experience is still not optimized and requires an intuitive synchronization of all relevant experience elements."},
        { "range":"Strong", "comment":"The overall experience score of your product (xyz) is Strong. The product is intuitively designed and a pleasure to use. However, to retain the users and keep them engaged, regular experience benchmarking is recommended"}
      ],
      "functional": [
        {"range": "Poor",
        "comment":"Product is not working as intended and requires a simplified cognitive interface",
        "nxt":"Product requires a complete transformation by incorporating user’s needs and their mental models.",
        "img":"sad_emo.svg"
        },
        {"range":"Fair",
            "comment":"Product partially works as intended but there are aspects that can be improved in terms of a simplified cognitive interface.",
            "nxt":"Product can be transformed into a simplified interface by incorporating relevant functionalities that help the users accomplish their intended task.",
            "img":"fair_emo.svg"
        },
        {"range": "Good",
            "comment":"Product's performance is more than average.",
            "nxt":"To make the product reach its full potential, an intuitive synchronization of functional aspects is needed.",
            "img":"good_emo.svg"
         },
        { "range":"Strong",
            "comment":"Product works as intended and is of utility to the user.",
            "nxt":"Regular experience benchmarking is needed to sustain the achieved experience potential of the product.",
            "img":"strong_emo.svg"
         }
      ],  
      "usable": [
        {"range": "Poor",
            "comment":"Interacting through the product interface is strenuous and difficult for the user and affecting the experience adversely.",
            "nxt":"Product requires a complete transformation by enhancing usability quotient and increasing the efficiency of the product.",
            "img":"sad_emo.svg"
            },
            {"range":"Fair",
                "comment":"Product is performing average in terms of its overall usability.",
                "nxt":"Certain aspects of the product like the effort in recalling the interface elements over time can be significantly reduced.",
                "img":"fair_emo.svg"
            },
            {"range": "Good",
                "comment":"Product has reached considerable level of usability.",
                "nxt":"Efficiency quotient of the user's interaction needs to be better.",
                "img":"good_emo.svg"
             },
            { "range":"Strong",
                "comment":"Product aids the user to easily achieve their objective. It is easy for the user to become familiar with and competent in using the features of the product.",
                "nxt":"Regular experience benchmarking is needed to sustain the achieved experience potential of the product.",
                "img":"strong_emo.svg"
             }
      ],
      "reliable": [
        {"range": "Poor",
            "comment":"The product fails to deliver a good experience and is unable to gain the trust of the users.",
            "nxt":"Your product requires a re-work and better design implementation to build the user’s trust.",
            "img":"sad_emo.svg"
            },
            {"range":"Fair",
                "comment":"The product is satisfactorily trustworthy.",
                "nxt":"The issues users face can be addressed by a better design implementation to support information fit-for-purpose.",
                "img":"fair_emo.svg"
            },
            {"range": "Good",
                "comment":"The product is reliable and gets the job done to a good extent.",
                "nxt":"Incorporating specific design centric confidence cues would be beneficial for the user and to drive the product to the next level.",
                "img":"good_emo.svg"
             },
            { "range":"Strong",
                "comment":"The design implementation on top of the technology and framework builds credibility on part of the user.",
                "nxt":"Regular experience benchmarking is needed to sustain users trust on your product in terms of functional consistency and security.",
                "img":"strong_emo.svg"
             }
      ],
      "convenience": [
        {    "range": "Poor",
            "comment":"Product does not allow the user to carry on with the operations comfortably. Hence, decreasing the product’s inherent value.",
            "nxt":" Tackle the declining convenience score by making changes in the design to reduce the user’s workload (mental and temporal).",
            "img":"sad_emo.svg"
            },
            {"range":"Fair",
                "comment":"Product is satisfactorily convenient for the users up to a certain extent.",
                "nxt":"Product needs to be made more context specific for a better user engagement",
                "img":"fair_emo.svg"
            },
            {"range": "Good",
                "comment":"The user can proceed with the operations with relative ease.",
                "nxt":"There can be some adjustments related to the processing time, and the workflow design mechanics.",
                "img":"good_emo.svg"
             },
            { "range":"Strong",
                "comment":"Product facilitates effective time utilization and avoidance of unpleasantness. It is instrumental in reducing the processing time (mental and temporal) and has a convenient information flow that matches the user’s mental model.",
                "nxt":"Regular experience benchmarking is needed to sustain the achieved experience potential of the product.",
                "img":"strong_emo.svg"
             }
      ],
      "delight": [
        {"range": "Poor",
            "comment":"Users are not happy using the product and the product is losing its desirability in the long run.",
            "nxt":"The product does not attract the users as such there is a disconnect between ‘what the user wants’ and ‘what the product delivers.’ Hence, design improvements are needed in this direction.",
            "img":"sad_emo.svg"
            },
            {"range":"Fair",
                "comment":"The product performance is average. The product is desired but cannot achieve delight through flashy elements.",
                "nxt":"Product needs to focus on making the users feel prepared, competent, and confident when using the product.",
                "img":"fair_emo.svg"
            },
            {"range": "Good",
                "comment":"The product is sought after and is capable of making the user feel confident in the connection between what he/she wants and what the product delivers.",
                "nxt":"To provide a seamless experience.",
                "img":"good_emo.svg"
             },
            { "range":"Strong",
                "comment":"Echoes the user’s physical & digital experience in a seamless blend. It instills a good, happy & positive feeling in the users after using the product.",
                "nxt":"Regular experience benchmarking is needed to sustain the achieved experience potential of the product.",
                "img":"strong_emo.svg"
             }
      ]
  }]
    }